-- MySQL dump 10.16  Distrib 10.1.28-MariaDB, for Linux (x86_64)
--
-- Host: localhost    Database: planificateur
-- ------------------------------------------------------
-- Server version	10.1.28-MariaDB

/*!40101 SET @OLD_CHARACTER_SET_CLIENT=@@CHARACTER_SET_CLIENT */;
/*!40101 SET @OLD_CHARACTER_SET_RESULTS=@@CHARACTER_SET_RESULTS */;
/*!40101 SET @OLD_COLLATION_CONNECTION=@@COLLATION_CONNECTION */;
/*!40101 SET NAMES utf8 */;
/*!40103 SET @OLD_TIME_ZONE=@@TIME_ZONE */;
/*!40103 SET TIME_ZONE='+00:00' */;
/*!40014 SET @OLD_UNIQUE_CHECKS=@@UNIQUE_CHECKS, UNIQUE_CHECKS=0 */;
/*!40014 SET @OLD_FOREIGN_KEY_CHECKS=@@FOREIGN_KEY_CHECKS, FOREIGN_KEY_CHECKS=0 */;
/*!40101 SET @OLD_SQL_MODE=@@SQL_MODE, SQL_MODE='NO_AUTO_VALUE_ON_ZERO' */;
/*!40111 SET @OLD_SQL_NOTES=@@SQL_NOTES, SQL_NOTES=0 */;

--
-- Table structure for table `efficiency`
--

DROP TABLE IF EXISTS `efficiency`;
/*!40101 SET @saved_cs_client     = @@character_set_client */;
/*!40101 SET character_set_client = utf8 */;
CREATE TABLE `efficiency` (
  `id` int(11) NOT NULL AUTO_INCREMENT,
  `efficiency` int(11) NOT NULL,
  `skill_id` int(11) NOT NULL,
  `resource_id` int(11) NOT NULL,
  PRIMARY KEY (`id`)
) ENGINE=InnoDB AUTO_INCREMENT=1001 DEFAULT CHARSET=latin1;
/*!40101 SET character_set_client = @saved_cs_client */;

--
-- Dumping data for table `efficiency`
--

LOCK TABLES `efficiency` WRITE;
/*!40000 ALTER TABLE `efficiency` DISABLE KEYS */;
INSERT INTO `efficiency` VALUES (1,44,913,2),(2,85,909,1),(3,7,426,2),(4,69,491,1),(5,52,639,1),(6,25,708,2),(7,82,169,1),(8,24,123,1),(9,95,506,2),(10,2,304,1),(11,74,977,2),(12,73,642,1),(13,94,801,2),(14,83,824,2),(15,79,192,2),(16,7,960,2),(17,92,110,2),(18,91,451,2),(19,23,687,2),(20,77,55,2),(21,9,709,2),(22,29,219,2),(23,76,570,2),(24,8,615,2),(25,89,649,2),(26,94,840,2),(27,38,417,2),(28,18,168,2),(29,82,18,2),(30,68,800,2),(31,97,532,2),(32,27,900,2),(33,100,674,2),(34,66,690,2),(35,12,337,2),(36,75,178,2),(37,98,648,2),(38,51,298,2),(39,98,447,2),(40,63,959,2),(41,64,104,2),(42,76,478,1),(43,9,406,2),(44,91,424,2),(45,51,1,2),(46,66,18,2),(47,47,720,2),(48,28,999,2),(49,25,936,2),(50,30,331,2),(51,88,605,2),(52,91,417,1),(53,42,160,1),(54,30,874,2),(55,81,403,2),(56,98,559,2),(57,1,54,2),(58,71,998,2),(59,66,491,2),(60,13,59,1),(61,70,341,2),(62,28,720,2),(63,94,608,2),(64,29,25,2),(65,23,500,2),(66,40,216,2),(67,22,55,1),(68,71,492,2),(69,31,941,1),(70,16,356,1),(71,64,13,2),(72,64,996,2),(73,65,971,2),(74,4,815,2),(75,38,861,1),(76,34,627,2),(77,21,570,2),(78,84,856,2),(79,30,943,1),(80,45,839,2),(81,13,444,2),(82,18,96,2),(83,6,10,2),(84,91,4,2),(85,89,539,2),(86,94,513,2),(87,26,412,2),(88,21,97,2),(89,19,941,2),(90,84,380,2),(91,99,815,1),(92,69,397,2),(93,91,810,2),(94,64,812,2),(95,2,891,2),(96,56,673,2),(97,80,704,2),(98,18,252,2),(99,81,481,2),(100,69,267,1),(101,15,512,2),(102,59,477,2),(103,14,612,2),(104,100,565,1),(105,47,940,2),(106,37,70,2),(107,3,519,2),(108,50,767,2),(109,29,313,2),(110,26,8,1),(111,4,567,2),(112,87,802,2),(113,4,898,2),(114,74,121,2),(115,30,511,1),(116,64,655,2),(117,1,630,2),(118,28,270,2),(119,36,198,2),(120,100,680,2),(121,93,883,1),(122,93,27,2),(123,33,976,2),(124,93,170,1),(125,4,289,2),(126,52,427,1),(127,11,226,1),(128,54,581,2),(129,98,497,2),(130,5,706,2),(131,22,372,2),(132,47,596,2),(133,26,628,2),(134,53,989,2),(135,69,263,2),(136,36,227,2),(137,62,795,2),(138,64,429,2),(139,27,182,2),(140,97,374,2),(141,4,337,2),(142,74,853,2),(143,6,161,2),(144,90,48,2),(145,24,201,2),(146,41,159,2),(147,88,188,2),(148,4,118,2),(149,98,789,2),(150,68,468,2),(151,33,149,2),(152,29,930,2),(153,23,55,2),(154,30,775,1),(155,26,506,2),(156,88,578,2),(157,65,716,2),(158,75,577,1),(159,16,201,2),(160,52,637,1),(161,75,582,1),(162,45,964,2),(163,65,914,2),(164,82,452,2),(165,20,368,2),(166,95,261,1),(167,35,140,1),(168,54,766,2),(169,32,712,1),(170,9,408,2),(171,41,801,2),(172,78,830,2),(173,84,466,2),(174,39,452,2),(175,72,445,2),(176,45,791,2),(177,88,747,1),(178,70,934,2),(179,100,530,2),(180,92,631,2),(181,31,38,2),(182,64,417,2),(183,30,702,2),(184,46,352,2),(185,3,150,2),(186,26,83,2),(187,49,564,2),(188,95,626,1),(189,18,160,2),(190,6,347,2),(191,72,667,2),(192,48,560,1),(193,32,580,2),(194,3,1000,2),(195,1,921,2),(196,38,104,1),(197,50,450,1),(198,52,693,2),(199,16,36,2),(200,73,480,2),(201,12,846,2),(202,55,85,2),(203,44,369,1),(204,83,714,2),(205,91,375,2),(206,62,391,2),(207,43,108,2),(208,42,293,1),(209,53,131,2),(210,20,617,1),(211,27,411,1),(212,5,41,1),(213,67,344,2),(214,1,155,2),(215,70,133,2),(216,8,116,1),(217,19,270,2),(218,31,245,2),(219,19,354,2),(220,31,906,2),(221,4,413,2),(222,12,222,2),(223,76,911,2),(224,24,708,2),(225,74,720,2),(226,61,72,2),(227,51,334,2),(228,17,645,2),(229,44,847,2),(230,56,54,1),(231,89,418,2),(232,27,791,2),(233,50,690,2),(234,56,215,2),(235,53,408,2),(236,47,988,2),(237,20,145,2),(238,82,172,2),(239,50,713,1),(240,12,635,1),(241,13,90,2),(242,48,507,2),(243,34,686,1),(244,55,312,2),(245,1,942,1),(246,42,192,1),(247,37,712,2),(248,47,832,1),(249,30,102,2),(250,95,944,1),(251,52,126,1),(252,76,550,2),(253,8,472,2),(254,96,205,1),(255,39,279,2),(256,3,432,2),(257,17,386,2),(258,15,806,2),(259,4,684,2),(260,96,112,2),(261,47,927,1),(262,66,328,2),(263,83,52,2),(264,8,659,1),(265,2,662,2),(266,47,126,1),(267,86,270,2),(268,73,770,2),(269,10,227,2),(270,97,234,2),(271,47,784,2),(272,90,448,2),(273,21,608,1),(274,53,119,2),(275,31,323,2),(276,66,904,2),(277,81,382,1),(278,30,733,2),(279,15,148,2),(280,93,182,1),(281,28,286,2),(282,68,478,2),(283,61,967,2),(284,33,601,2),(285,87,947,2),(286,72,778,2),(287,91,178,2),(288,93,508,2),(289,53,59,1),(290,65,962,1),(291,9,267,1),(292,61,722,2),(293,94,703,2),(294,10,137,2),(295,65,803,2),(296,13,608,2),(297,47,237,2),(298,79,319,2),(299,69,904,2),(300,51,901,2),(301,84,552,2),(302,63,553,2),(303,22,284,2),(304,56,754,2),(305,11,408,2),(306,60,788,1),(307,78,899,2),(308,56,717,2),(309,71,843,2),(310,87,307,2),(311,61,914,2),(312,38,673,2),(313,70,822,2),(314,98,530,2),(315,8,908,1),(316,42,478,1),(317,29,344,1),(318,14,122,2),(319,62,505,2),(320,36,288,2),(321,54,757,2),(322,52,42,2),(323,32,6,1),(324,55,278,2),(325,54,641,2),(326,74,796,2),(327,85,17,2),(328,92,889,5),(329,44,462,2),(330,63,288,2),(331,18,837,1),(332,97,760,2),(333,30,444,2),(334,77,216,2),(335,87,572,2),(336,3,626,2),(337,47,816,2),(338,91,7,2),(339,95,902,2),(340,3,249,2),(341,54,416,2),(342,13,710,2),(343,80,127,2),(344,43,140,1),(345,31,616,1),(346,28,267,2),(347,61,164,1),(348,81,485,2),(349,39,293,2),(350,69,978,2),(351,76,359,1),(352,70,140,2),(353,66,186,2),(354,56,975,2),(355,54,860,2),(356,22,820,2),(357,15,846,2),(358,37,485,2),(359,43,414,2),(360,16,502,1),(361,90,530,1),(362,72,438,2),(363,98,72,2),(364,94,180,1),(365,65,216,2),(366,77,395,2),(367,15,295,2),(368,29,957,1),(369,65,741,2),(370,34,885,2),(371,45,260,2),(372,47,863,2),(373,34,824,2),(374,1,269,2),(375,24,401,2),(376,86,7,1),(377,19,438,2),(378,54,507,2),(379,82,847,2),(380,52,330,2),(381,17,868,2),(382,97,927,2),(383,77,497,2),(384,67,283,2),(385,82,463,2),(386,24,546,2),(387,99,18,2),(388,30,158,2),(389,87,102,2),(390,40,816,2),(391,88,675,2),(392,56,903,2),(393,32,624,2),(394,54,23,1),(395,75,510,2),(396,90,533,2),(397,58,798,2),(398,9,489,1),(399,98,781,1),(400,7,2,3),(401,19,201,3),(402,94,40,3),(403,28,701,3),(404,55,115,3),(405,51,66,3),(406,79,489,3),(407,72,77,3),(408,66,245,3),(409,56,75,3),(410,51,160,3),(411,21,20,3),(412,97,238,3),(413,72,342,3),(414,99,323,3),(415,92,879,3),(416,51,378,3),(417,32,106,3),(418,65,286,3),(419,65,413,3),(420,15,474,3),(421,49,202,3),(422,54,884,3),(423,96,246,3),(424,94,769,3),(425,30,795,3),(426,89,1000,3),(427,82,511,3),(428,57,83,3),(429,44,248,3),(430,70,451,3),(431,95,207,3),(432,88,257,3),(433,16,318,3),(434,53,278,3),(435,82,24,3),(436,36,361,3),(437,47,454,3),(438,99,905,3),(439,11,879,3),(440,54,887,3),(441,22,978,3),(442,82,960,3),(443,99,342,3),(444,82,629,3),(445,59,931,3),(446,9,763,3),(447,21,135,3),(448,60,909,3),(449,84,955,3),(450,40,787,3),(451,1,100,3),(452,58,716,3),(453,92,435,3),(454,16,333,3),(455,7,121,3),(456,39,851,3),(457,7,22,3),(458,20,787,3),(459,68,419,3),(460,55,669,3),(461,2,42,3),(462,64,342,3),(463,91,145,3),(464,33,10,3),(465,12,138,3),(466,38,38,3),(467,93,979,3),(468,36,824,3),(469,94,561,3),(470,50,371,3),(471,90,783,3),(472,8,874,3),(473,98,35,3),(474,84,888,3),(475,32,733,3),(476,97,904,3),(477,71,606,3),(478,37,432,3),(479,25,90,3),(480,20,387,3),(481,69,731,3),(482,47,754,3),(483,41,52,3),(484,74,283,3),(485,5,958,3),(486,88,569,3),(487,60,127,3),(488,76,498,3),(489,60,256,3),(490,71,75,3),(491,33,738,3),(492,45,931,3),(493,71,567,3),(494,76,89,3),(495,69,972,3),(496,21,117,3),(497,28,398,3),(498,63,150,3),(499,46,416,3),(500,98,794,3),(501,84,366,3),(502,80,898,3),(503,98,601,3),(504,94,964,3),(505,18,827,3),(506,78,98,3),(507,70,628,3),(508,77,14,3),(509,27,366,3),(510,23,736,3),(511,26,372,3),(512,40,63,3),(513,37,261,3),(514,21,144,3),(515,16,795,3),(516,9,123,3),(517,75,214,3),(518,6,357,3),(519,60,181,3),(520,16,671,3),(521,13,558,3),(522,53,561,3),(523,57,512,3),(524,13,415,3),(525,90,652,3),(526,34,428,3),(527,11,10,3),(528,61,917,3),(529,67,689,3),(530,54,945,3),(531,11,170,3),(532,68,564,3),(533,67,866,3),(534,38,150,3),(535,26,337,3),(536,97,590,3),(537,22,631,3),(538,33,979,3),(539,72,630,3),(540,23,837,3),(541,70,240,3),(542,85,392,3),(543,44,396,3),(544,19,738,3),(545,99,546,3),(546,23,2,3),(547,69,708,3),(548,7,709,3),(549,32,884,3),(550,79,952,3),(551,71,331,3),(552,37,6,3),(553,86,750,3),(554,51,242,3),(555,14,698,3),(556,16,702,3),(557,90,658,3),(558,27,940,3),(559,19,976,3),(560,92,643,3),(561,69,361,3),(562,19,305,3),(563,100,430,3),(564,69,220,3),(565,49,672,3),(566,4,454,3),(567,84,430,3),(568,52,88,3),(569,66,122,3),(570,78,431,3),(571,73,468,3),(572,53,303,3),(573,97,1,3),(574,60,259,3),(575,16,11,3),(576,54,220,3),(577,56,49,3),(578,61,687,3),(579,36,892,3),(580,99,858,3),(581,76,823,3),(582,71,414,3),(583,63,301,3),(584,59,625,3),(585,82,547,3),(586,33,555,3),(587,13,823,3),(588,97,808,3),(589,37,564,3),(590,59,239,3),(591,39,311,3),(592,59,949,3),(593,48,433,3),(594,83,905,3),(595,54,627,3),(596,33,334,3),(597,66,289,3),(598,47,119,3),(599,97,522,3),(600,46,667,4),(601,4,647,4),(602,71,334,4),(603,29,553,4),(604,90,428,4),(605,49,506,4),(606,54,446,4),(607,32,465,4),(608,53,936,4),(609,38,384,4),(610,39,148,4),(611,93,785,4),(612,57,814,4),(613,91,226,4),(614,44,934,4),(615,12,227,4),(616,100,856,4),(617,19,984,4),(618,75,822,4),(619,54,725,4),(620,67,868,4),(621,93,352,4),(622,77,96,4),(623,32,93,4),(624,82,209,4),(625,16,739,4),(626,15,639,4),(627,23,850,4),(628,87,374,4),(629,59,953,4),(630,44,807,4),(631,88,29,4),(632,25,472,4),(633,34,136,4),(634,95,903,4),(635,65,442,4),(636,64,327,4),(637,65,314,4),(638,34,853,4),(639,37,512,4),(640,81,20,4),(641,63,206,4),(642,55,925,4),(643,50,976,4),(644,31,290,4),(645,54,304,4),(646,67,145,4),(647,25,446,4),(648,100,336,4),(649,41,141,4),(650,95,980,4),(651,42,611,4),(652,43,160,4),(653,6,221,4),(654,92,289,4),(655,70,330,4),(656,52,136,4),(657,37,165,4),(658,15,941,4),(659,36,457,4),(660,31,611,4),(661,71,319,4),(662,53,391,4),(663,49,252,4),(664,87,687,4),(665,51,29,4),(666,73,733,4),(667,42,51,4),(668,25,161,4),(669,74,18,4),(670,26,192,4),(671,70,119,4),(672,78,392,4),(673,96,519,4),(674,49,634,4),(675,100,923,4),(676,52,934,4),(677,84,549,4),(678,36,761,4),(679,42,680,4),(680,83,289,4),(681,27,305,4),(682,86,515,4),(683,14,843,4),(684,41,274,4),(685,93,397,4),(686,67,998,4),(687,22,675,4),(688,96,597,4),(689,29,440,4),(690,92,1,4),(691,80,853,4),(692,47,371,4),(693,4,650,4),(694,9,827,4),(695,76,803,4),(696,20,425,4),(697,38,95,4),(698,6,194,4),(699,54,540,4),(700,42,419,4),(701,44,528,4),(702,11,964,4),(703,55,20,4),(704,8,1,4),(705,48,678,4),(706,94,887,4),(707,3,735,4),(708,92,133,4),(709,66,602,4),(710,53,75,4),(711,53,701,4),(712,62,154,4),(713,54,970,4),(714,23,569,4),(715,31,222,4),(716,19,891,4),(717,61,841,4),(718,13,48,4),(719,99,174,4),(720,18,909,4),(721,55,380,4),(722,33,737,4),(723,84,11,4),(724,34,797,4),(725,17,499,4),(726,99,391,4),(727,100,223,4),(728,88,591,4),(729,72,609,4),(730,47,681,4),(731,62,771,4),(732,80,310,4),(733,34,879,4),(734,55,7,4),(735,71,901,4),(736,31,917,4),(737,82,18,4),(738,55,335,4),(739,24,706,4),(740,96,362,4),(741,46,491,4),(742,70,255,4),(743,9,463,4),(744,94,370,4),(745,47,472,4),(746,67,208,4),(747,90,728,4),(748,24,926,4),(749,59,463,4),(750,67,73,4),(751,100,441,4),(752,42,143,4),(753,21,151,4),(754,83,906,4),(755,64,691,4),(756,4,769,4),(757,41,541,4),(758,23,852,4),(759,20,492,4),(760,54,841,4),(761,96,245,4),(762,60,101,4),(763,12,307,4),(764,70,243,4),(765,94,804,4),(766,55,358,4),(767,89,803,4),(768,40,985,4),(769,84,728,4),(770,96,980,4),(771,33,943,4),(772,14,35,4),(773,85,503,4),(774,97,342,4),(775,47,804,4),(776,67,866,4),(777,62,761,4),(778,57,362,4),(779,100,435,4),(780,39,839,4),(781,62,340,4),(782,54,519,4),(783,29,246,4),(784,65,809,4),(785,33,852,4),(786,96,935,4),(787,66,65,4),(788,57,309,4),(789,53,356,4),(790,48,847,4),(791,91,529,4),(792,28,37,4),(793,50,473,4),(794,10,329,4),(795,14,753,4),(796,74,916,4),(797,25,561,4),(798,16,470,4),(799,77,343,4),(800,61,872,5),(801,54,340,5),(802,38,186,5),(803,22,391,5),(804,39,960,5),(805,56,550,5),(806,66,213,5),(807,92,258,5),(808,49,55,5),(809,11,642,5),(810,28,146,5),(811,57,826,5),(812,20,163,5),(813,69,763,5),(814,41,656,5),(815,100,295,5),(816,63,949,5),(817,51,639,5),(818,3,571,5),(819,8,934,5),(820,29,790,5),(821,30,445,5),(822,9,868,5),(823,8,919,5),(824,16,681,5),(825,68,226,5),(826,28,682,5),(827,94,273,5),(828,18,303,5),(829,15,484,5),(830,15,652,5),(831,66,629,5),(832,48,557,5),(833,4,125,5),(834,45,770,5),(835,53,699,5),(836,42,370,5),(837,4,137,5),(838,87,827,5),(839,96,252,5),(840,22,911,5),(841,30,882,5),(842,37,11,5),(843,85,171,5),(844,14,739,5),(845,53,480,5),(846,79,241,5),(847,64,694,5),(848,78,417,5),(849,65,313,5),(850,59,337,5),(851,43,821,5),(852,68,46,5),(853,62,968,5),(854,12,525,5),(855,76,162,5),(856,46,616,5),(857,4,38,5),(858,52,505,5),(859,26,928,5),(860,56,191,5),(861,28,453,5),(862,14,20,5),(863,91,259,5),(864,67,558,5),(865,25,347,5),(866,39,541,5),(867,39,186,5),(868,26,504,5),(869,22,135,5),(870,76,191,5),(871,18,38,5),(872,4,270,5),(873,58,79,5),(874,18,395,5),(875,33,184,5),(876,100,110,5),(877,46,730,5),(878,36,109,5),(879,92,147,5),(880,94,685,5),(881,25,182,5),(882,8,309,5),(883,12,932,5),(884,54,522,5),(885,29,58,5),(886,93,765,5),(887,23,906,5),(888,66,326,5),(889,17,24,5),(890,36,106,5),(891,18,505,5),(892,80,320,5),(893,17,17,5),(894,91,669,5),(895,35,490,5),(896,92,951,5),(897,33,816,5),(898,53,793,5),(899,51,987,5),(900,37,880,5),(901,35,420,5),(902,78,693,5),(903,86,270,5),(904,29,698,5),(905,69,25,5),(906,29,273,5),(907,18,100,5),(908,45,781,5),(909,62,942,5),(910,35,671,5),(911,68,566,5),(912,35,175,5),(913,84,133,5),(914,27,717,5),(915,33,944,5),(916,29,818,5),(917,25,793,5),(918,67,841,5),(919,82,182,5),(920,35,837,5),(921,85,955,5),(922,28,503,5),(923,18,970,5),(924,59,905,5),(925,89,796,5),(926,30,843,5),(927,87,656,5),(928,97,797,5),(929,75,394,5),(930,25,111,5),(931,81,415,5),(932,43,185,5),(933,18,281,5),(934,78,195,5),(935,90,700,5),(936,82,127,5),(937,32,335,5),(938,90,213,5),(939,6,188,5),(940,64,359,5),(941,24,519,5),(942,60,265,5),(943,47,651,5),(944,96,304,5),(945,17,512,5),(946,85,987,5),(947,46,655,5),(948,88,839,5),(949,37,71,5),(950,3,141,5),(951,65,892,5),(952,22,110,5),(953,15,676,5),(954,15,466,5),(955,59,865,5),(956,16,369,5),(957,22,228,5),(958,52,424,5),(959,99,843,5),(960,47,934,5),(961,20,851,5),(962,64,772,5),(963,71,572,5),(964,96,737,5),(965,59,565,5),(966,93,543,5),(967,62,356,5),(968,71,583,5),(969,48,253,5),(970,8,266,5),(971,59,557,5),(972,63,326,5),(973,39,914,5),(974,58,744,5),(975,98,935,5),(976,30,468,5),(977,50,91,5),(978,94,375,5),(979,100,961,5),(980,65,862,5),(981,23,526,5),(982,27,193,5),(983,69,232,5),(984,10,324,5),(985,75,106,5),(986,71,343,5),(987,71,648,5),(988,84,164,5),(989,38,79,5),(990,62,813,5),(991,94,145,5),(992,62,669,5),(993,78,85,5),(994,76,524,5),(995,34,653,5),(996,92,235,5),(997,99,184,5),(998,91,554,5),(999,85,630,5),(1000,70,459,5);
/*!40000 ALTER TABLE `efficiency` ENABLE KEYS */;
UNLOCK TABLES;

--
-- Table structure for table `resource`
--

DROP TABLE IF EXISTS `resource`;
/*!40101 SET @saved_cs_client     = @@character_set_client */;
/*!40101 SET character_set_client = utf8 */;
CREATE TABLE `resource` (
  `id` int(10) unsigned NOT NULL AUTO_INCREMENT,
  `name` varchar(255) DEFAULT NULL,
  `firstname` varchar(255) DEFAULT NULL,
  `alias` varchar(30) DEFAULT NULL,
  `efficiency` int(11) DEFAULT NULL,
  `available` tinyint(1) DEFAULT NULL,
  PRIMARY KEY (`id`)
) ENGINE=InnoDB AUTO_INCREMENT=1001 DEFAULT CHARSET=latin1;
/*!40101 SET character_set_client = @saved_cs_client */;

--
-- Dumping data for table `resource`
--

LOCK TABLES `resource` WRITE;
/*!40000 ALTER TABLE `resource` DISABLE KEYS */;
INSERT INTO `resource` VALUES (1,'Zapatero','Nickolaus','nzapatero0',30,0),(2,'Barrington','Mary','mbarrington1',77,1),(3,'Ashby','Arnuad','aashby2',48,0),(4,'Ambroziak','Sherlocke','sambroziak3',32,0),(5,'Lias','Mindy','mlias4',76,0),(6,'Casperri','Coletta','ccasperri5',57,0),(7,'Cottam','Wendi','wcottam6',41,1),(8,'Lanmeid','Nevsa','nlanmeid7',56,1),(9,'Hayhoe','Krispin','khayhoe8',45,0),(10,'Peyro','Enoch','epeyro9',79,0),(11,'Brandle','Carree','cbrandlea',30,1),(12,'Camilleri','Alysa','acamillerib',3,1),(13,'Connah','Philip','pconnahc',14,0),(14,'Van der Mark','Giustino','gvandermarkd',77,1),(15,'Stickford','Burtie','bstickforde',39,1),(16,'Youngman','Jeremie','jyoungmanf',83,0),(17,'O\'Doherty','Bertrando','bodohertyg',58,1),(18,'Stallen','Pepita','pstallenh',68,1),(19,'Pylkynyton','Ferrel','fpylkynytoni',19,0),(20,'Gilligan','Phillipe','pgilliganj',17,0),(21,'Cottell','Cristin','ccottellk',37,0),(22,'Izacenko','Tawsha','tizacenkol',69,1),(23,'Moorrud','Ansell','amoorrudm',15,1),(24,'Casotti','Kristos','kcasottin',37,0),(25,'Santore','Jilleen','jsantoreo',85,0),(26,'Hedgecock','Wilt','whedgecockp',28,1),(27,'Grevel','Hamlin','hgrevelq',88,0),(28,'Firpo','Sholom','sfirpor',19,1),(29,'Blest','Sunny','sblests',47,0),(30,'Artois','Leoine','lartoist',3,1),(31,'Linzey','Barby','blinzeyu',65,0),(32,'Ozelton','Constantin','cozeltonv',16,1),(33,'Tripe','Maury','mtripew',11,0),(34,'Cairns','Standford','scairnsx',36,1),(35,'Kisby','Viva','vkisbyy',30,0),(36,'Bene','Der','dbenez',35,1),(37,'Maddocks','Gaelan','gmaddocks10',41,0),(38,'Reckus','Patty','preckus11',50,1),(39,'Berrigan','Lucy','lberrigan12',90,0),(40,'Budibent','Adam','abudibent13',63,0),(41,'Christoforou','Carlynne','cchristoforou14',89,0),(42,'Gadson','Jemima','jgadson15',1,1),(43,'Hartmann','Cortie','chartmann16',86,1),(44,'Tattersall','Andrea','atattersall17',15,1),(45,'Crowden','Cortney','ccrowden18',53,1),(46,'Thurber','Jedd','jthurber19',91,0),(47,'Bown','Staford','sbown1a',13,0),(48,'Trayte','Lorilee','ltrayte1b',71,0),(49,'Colquitt','Ximenes','xcolquitt1c',4,1),(50,'Dulton','Arlyne','adulton1d',76,0),(51,'Maudett','Giles','gmaudett1e',37,0),(52,'Stanway','Angie','astanway1f',89,0),(53,'Baiden','Bree','bbaiden1g',100,1),(54,'Bourdis','Welch','wbourdis1h',57,0),(55,'Terram','Nickolas','nterram1i',31,0),(56,'Kinlock','Flem','fkinlock1j',36,0),(57,'Puckinghorne','Celisse','cpuckinghorne1k',52,0),(58,'Overy','Anett','aovery1l',40,0),(59,'Gouley','Elmer','egouley1m',67,0),(60,'Boffin','Yolanda','yboffin1n',94,0),(61,'Sadler','Shawn','ssadler1o',10,0),(62,'Ullyatt','Lorrin','lullyatt1p',38,1),(63,'Hill','Monroe','mhill1q',55,1),(64,'Greenless','Laurella','lgreenless1r',27,0),(65,'Dilkes','Bernard','bdilkes1s',15,1),(66,'Semens','Caesar','csemens1t',64,0),(67,'Shillington','Glynda','gshillington1u',7,0),(68,'Guest','Bobbi','bguest1v',93,0),(69,'Dunnet','Torrey','tdunnet1w',8,0),(70,'Eastmond','Wendie','weastmond1x',25,0),(71,'Dawidowitz','Craig','cdawidowitz1y',100,1),(72,'Stean','Maureene','mstean1z',10,1),(73,'Leadbitter','Pammy','pleadbitter20',54,0),(74,'Jakoubec','Dorey','djakoubec21',3,0),(75,'Klee','Judye','jklee22',59,0),(76,'Gilleson','Werner','wgilleson23',12,1),(77,'Dutt','Paul','pdutt24',70,0),(78,'Cicchelli','Lorna','lcicchelli25',90,1),(79,'Tschirasche','Raychel','rtschirasche26',29,0),(80,'Deeney','Isidoro','ideeney27',96,0),(81,'Brimmell','Daisi','dbrimmell28',27,0),(82,'Geraldez','Dorita','dgeraldez29',62,0),(83,'Malek','Olia','omalek2a',33,1),(84,'Fearn','Donetta','dfearn2b',43,1),(85,'Tenwick','Henry','htenwick2c',80,1),(86,'Ingman','Jilli','jingman2d',23,1),(87,'Bourchier','Lorry','lbourchier2e',82,0),(88,'Whatling','Sandie','swhatling2f',67,0),(89,'Barwis','Marne','mbarwis2g',43,0),(90,'McCarl','Lexine','lmccarl2h',44,1),(91,'Kalvin','Kassandra','kkalvin2i',11,1),(92,'Brydie','Aldric','abrydie2j',45,0),(93,'Warlock','Pincas','pwarlock2k',96,0),(94,'Wasielewicz','Kahlil','kwasielewicz2l',84,1),(95,'Gallatly','Dew','dgallatly2m',18,0),(96,'Sandwich','Brina','bsandwich2n',44,0),(97,'Perch','Sonni','sperch2o',23,0),(98,'Langstrath','Marketa','mlangstrath2p',41,0),(99,'Fey','Tull','tfey2q',96,1),(100,'Bosse','Marilin','mbosse2r',90,1),(101,'Heazel','Rhona','rheazel2s',7,1),(102,'Heinssen','Ardenia','aheinssen2t',45,1),(103,'Vassbender','Yolane','yvassbender2u',49,0),(104,'De Cristoforo','Carmel','cdecristoforo2v',89,1),(105,'Hathorn','Kin','khathorn2w',26,1),(106,'Stonman','Wendi','wstonman2x',29,1),(107,'Reggiani','Edvard','ereggiani2y',45,0),(108,'Button','Sallyanne','sbutton2z',5,0),(109,'Dohmer','Stan','sdohmer30',7,0),(110,'Dello','Aguistin','adello31',47,1),(111,'Morais','Tobye','tmorais32',45,0),(112,'Adlem','Lily','ladlem33',48,1),(113,'Binney','Manda','mbinney34',14,1),(114,'Stanistrete','Creight','cstanistrete35',36,1),(115,'Delahunty','Christa','cdelahunty36',33,0),(116,'Glazier','Sky','sglazier37',58,1),(117,'Abarough','Bettine','babarough38',49,0),(118,'Vernau','Orelie','overnau39',43,0),(119,'Grigoroni','Shawn','sgrigoroni3a',7,0),(120,'Dunk','Parry','pdunk3b',26,0),(121,'Strahan','Rozalie','rstrahan3c',66,1),(122,'Duffett','Elysee','eduffett3d',22,1),(123,'Belz','Leonanie','lbelz3e',63,0),(124,'Catt','Gennie','gcatt3f',68,0),(125,'Klimentov','Mignon','mklimentov3g',76,1),(126,'Polly','Geoffry','gpolly3h',2,1),(127,'Eddolls','Godfree','geddolls3i',11,0),(128,'Bosnell','Mirilla','mbosnell3j',48,1),(129,'Hail','Kellie','khail3k',99,1),(130,'Christofe','Ginger','gchristofe3l',33,0),(131,'Teal','Lazarus','lteal3m',13,1),(132,'Yea','Mead','myea3n',22,1),(133,'Chittock','Ariel','achittock3o',24,1),(134,'Witherbed','Brittany','bwitherbed3p',45,1),(135,'Van der Baaren','Gary','gvanderbaaren3q',10,0),(136,'Richemont','Duff','drichemont3r',19,0),(137,'Litherland','Lani','llitherland3s',10,1),(138,'Croson','Pincus','pcroson3t',9,0),(139,'Picken','Joaquin','jpicken3u',60,1),(140,'Puden','Jean','jpuden3v',15,1),(141,'Chaldecott','Kathlin','kchaldecott3w',7,1),(142,'Klinck','Rodrigo','rklinck3x',53,0),(143,'Dinneges','Ashley','adinneges3y',67,1),(144,'Tisun','Sherlock','stisun3z',75,0),(145,'Selvester','Pierce','pselvester40',9,1),(146,'Gosdin','Clark','cgosdin41',13,0),(147,'Cassella','Carl','ccassella42',90,1),(148,'Gurge','Adena','agurge43',60,0),(149,'Vasenkov','Thaine','tvasenkov44',10,0),(150,'Haney','Meriel','mhaney45',19,1),(151,'Sargood','Datha','dsargood46',3,0),(152,'Killford','Dannie','dkillford47',90,1),(153,'Sybry','Charles','csybry48',32,0),(154,'Teggin','Shoshana','steggin49',12,1),(155,'Muat','Nestor','nmuat4a',19,0),(156,'Malinowski','Sauncho','smalinowski4b',46,0),(157,'Minero','Clare','cminero4c',31,0),(158,'Cornfield','Nelie','ncornfield4d',77,1),(159,'Tithacott','Hortensia','htithacott4e',18,0),(160,'Stitt','Sigismundo','sstitt4f',16,0),(161,'Ferroni','Maurizio','mferroni4g',72,0),(162,'McLardie','Fran','fmclardie4h',28,1),(163,'Capaldo','Blondell','bcapaldo4i',1,1),(164,'Pentony','Putnam','ppentony4j',87,1),(165,'Livermore','Aurilia','alivermore4k',85,1),(166,'Jillions','Orren','ojillions4l',76,0),(167,'Ferre','Kerri','kferre4m',69,1),(168,'Marjanski','Brinn','bmarjanski4n',21,1),(169,'Burgott','Maire','mburgott4o',78,1),(170,'Felgat','Coralyn','cfelgat4p',64,1),(171,'Murkitt','Benjie','bmurkitt4q',96,1),(172,'Yeowell','Allissa','ayeowell4r',42,0),(173,'Takos','Hanni','htakos4s',30,1),(174,'Hartup','Helaine','hhartup4t',87,1),(175,'Geraldo','Yehudit','ygeraldo4u',14,1),(176,'Brundrett','Karlyn','kbrundrett4v',76,0),(177,'Shakesby','Victoria','vshakesby4w',91,0),(178,'Kentwell','Verile','vkentwell4x',76,0),(179,'Elwood','Torrie','telwood4y',12,1),(180,'Baraja','Sanson','sbaraja4z',35,1),(181,'Essam','Lu','lessam50',80,0),(182,'Ponten','Eolande','eponten51',37,1),(183,'Chene','Trace','tchene52',70,0),(184,'Vigar','Cristobal','cvigar53',94,0),(185,'Hanssmann','Biddy','bhanssmann54',39,1),(186,'Venners','Shaylah','svenners55',53,0),(187,'Annand','Inna','iannand56',10,1),(188,'Turk','Nickie','nturk57',5,1),(189,'Trusse','Ricky','rtrusse58',39,1),(190,'Tooke','Dov','dtooke59',54,0),(191,'Gilgryst','Elwin','egilgryst5a',99,1),(192,'Sizland','Phillip','psizland5b',90,1),(193,'Espinal','Martina','mespinal5c',87,0),(194,'Brobeck','Wally','wbrobeck5d',2,1),(195,'Bolf','Hewett','hbolf5e',73,1),(196,'Cloney','Lauritz','lcloney5f',83,0),(197,'Capner','Carey','ccapner5g',17,1),(198,'Moorcroft','Othelia','omoorcroft5h',23,0),(199,'Moorcroft','Jacenta','jmoorcroft5i',82,0),(200,'Mandrier','Estele','emandrier5j',48,1),(201,'Bellas','Kaela','kbellas5k',87,0),(202,'Sodo','Gardiner','gsodo5l',68,0),(203,'Matessian','Leon','lmatessian5m',16,1),(204,'Warrack','Gradeigh','gwarrack5n',9,1),(205,'Quickfall','Brandais','bquickfall5o',19,0),(206,'Silbert','Diego','dsilbert5p',81,1),(207,'Cootes','Margeaux','mcootes5q',34,1),(208,'Ferrandez','Georgeanna','gferrandez5r',49,0),(209,'Garci','Katleen','kgarci5s',13,0),(210,'Dimnage','Sofie','sdimnage5t',64,1),(211,'Bottle','John','jbottle5u',22,1),(212,'Maunders','Kurt','kmaunders5v',36,0),(213,'Frenchum','Silvano','sfrenchum5w',46,1),(214,'Plet','Em','eplet5x',41,0),(215,'MacGinney','Celisse','cmacginney5y',44,0),(216,'Kilban','Imojean','ikilban5z',50,0),(217,'Braidford','Chadwick','cbraidford60',33,1),(218,'Westover','Darren','dwestover61',32,1),(219,'Rushmer','Hildagarde','hrushmer62',51,1),(220,'Beddingham','Shawn','sbeddingham63',91,1),(221,'Smogur','Lenka','lsmogur64',2,0),(222,'Burgyn','Debor','dburgyn65',11,0),(223,'Devers','Sherwood','sdevers66',45,1),(224,'Hesbrook','Hugh','hhesbrook67',27,0),(225,'McTeer','Reggie','rmcteer68',18,0),(226,'Rozier','Jaimie','jrozier69',86,1),(227,'Flaunders','Spense','sflaunders6a',76,1),(228,'Wharton','Kati','kwharton6b',28,0),(229,'Wheater','Terence','twheater6c',95,1),(230,'Stallwood','Rocky','rstallwood6d',48,1),(231,'Southan','Eldon','esouthan6e',10,0),(232,'Ringrose','Theadora','tringrose6f',35,0),(233,'Bondy','Celle','cbondy6g',93,1),(234,'Schuricht','Darsey','dschuricht6h',39,0),(235,'Rate','Clarette','crate6i',36,1),(236,'Jacke','Chrisy','cjacke6j',83,0),(237,'Bragger','Janis','jbragger6k',28,0),(238,'Volant','Renato','rvolant6l',80,0),(239,'Emanuelli','Hale','hemanuelli6m',4,0),(240,'Senter','Leland','lsenter6n',8,1),(241,'Drewery','Hedvig','hdrewery6o',36,1),(242,'Andreoletti','Alayne','aandreoletti6p',37,0),(243,'Rigolle','Zaneta','zrigolle6q',61,1),(244,'Setch','Chrisse','csetch6r',63,0),(245,'Bailes','Lian','lbailes6s',29,0),(246,'Denerley','Isiahi','idenerley6t',97,0),(247,'Cradock','Wilhelmina','wcradock6u',28,1),(248,'Epton','Cletis','cepton6v',67,1),(249,'Durrett','Jamal','jdurrett6w',27,0),(250,'Steinson','Prent','psteinson6x',34,1),(251,'Possel','Solly','spossel6y',92,0),(252,'Kundt','Kizzee','kkundt6z',41,0),(253,'Bulbeck','Lizzy','lbulbeck70',82,1),(254,'Belsey','Christi','cbelsey71',39,1),(255,'Smurthwaite','Meredithe','msmurthwaite72',62,0),(256,'Claeskens','Stacie','sclaeskens73',36,1),(257,'McCoveney','Jo','jmccoveney74',6,1),(258,'Fryman','Lonnard','lfryman75',36,0),(259,'Cluney','Parker','pcluney76',7,0),(260,'Hawkslee','Yettie','yhawkslee77',54,1),(261,'Arnli','Philip','parnli78',15,1),(262,'McGookin','Lorenza','lmcgookin79',38,1),(263,'Gerren','Danny','dgerren7a',22,1),(264,'Roland','Ivory','iroland7b',3,0),(265,'Croneen','Emlynn','ecroneen7c',60,1),(266,'Renfield','Eddy','erenfield7d',44,0),(267,'Colten','Greg','gcolten7e',100,0),(268,'Bawle','Angelia','abawle7f',79,0),(269,'Sandham','Fifine','fsandham7g',17,1),(270,'Pickerell','Chas','cpickerell7h',71,0),(271,'Carlyon','Neddy','ncarlyon7i',88,0),(272,'Carroll','Park','pcarroll7j',26,0),(273,'Tait','Buffy','btait7k',98,1),(274,'Roskilly','Glynda','groskilly7l',24,1),(275,'Cornish','Allie','acornish7m',72,0),(276,'Huggill','Claudetta','chuggill7n',89,0),(277,'Huelin','Eileen','ehuelin7o',83,0),(278,'McQuaid','Dorthea','dmcquaid7p',55,0),(279,'Graalman','Jud','jgraalman7q',87,0),(280,'Waycott','Randie','rwaycott7r',35,0),(281,'Tuerena','Lefty','ltuerena7s',49,0),(282,'Parlot','Gran','gparlot7t',81,0),(283,'Slimings','Dag','dslimings7u',53,0),(284,'McDuff','Field','fmcduff7v',81,1),(285,'Stych','Hartwell','hstych7w',1,1),(286,'Naulty','Joya','jnaulty7x',33,1),(287,'Dillet','Kristyn','kdillet7y',10,0),(288,'Haney`','Kath','khaney7z',96,1),(289,'Jeffcock','Alleyn','ajeffcock80',69,0),(290,'Alvarado','Shantee','salvarado81',80,1),(291,'Koschke','Carey','ckoschke82',39,1),(292,'Lefever','Peyter','plefever83',57,1),(293,'Sorrel','Hendrika','hsorrel84',18,1),(294,'Pulfer','Isis','ipulfer85',13,1),(295,'Shutte','Teri','tshutte86',30,0),(296,'Rosenfrucht','Bobbe','brosenfrucht87',34,0),(297,'Ferrara','Gabby','gferrara88',80,1),(298,'Attow','Madlen','mattow89',45,0),(299,'Henrique','Bernadene','bhenrique8a',44,1),(300,'Watford','Dewitt','dwatford8b',84,1),(301,'Bouette','Cherie','cbouette8c',86,0),(302,'Tuckey','Gwenny','gtuckey8d',13,0),(303,'Bassford','Devonne','dbassford8e',43,0),(304,'Skoughman','Orv','oskoughman8f',65,0),(305,'Pacht','Crysta','cpacht8g',19,1),(306,'Golder','Gris','ggolder8h',58,0),(307,'Dahill','Jaimie','jdahill8i',55,1),(308,'Denning','Bentley','bdenning8j',32,0),(309,'O\'Connolly','Chrysler','coconnolly8k',62,0),(310,'Ivantyev','Kim','kivantyev8l',99,1),(311,'Arnefield','Viv','varnefield8m',14,1),(312,'Bilofsky','Babb','bbilofsky8n',29,1),(313,'Stebbings','Vittoria','vstebbings8o',62,0),(314,'Isley','Tanitansy','tisley8p',19,1),(315,'Ganiclef','Lydon','lganiclef8q',64,0),(316,'Routham','Dwain','droutham8r',94,0),(317,'Leupoldt','Joannes','jleupoldt8s',79,0),(318,'Anthonsen','Gabrielle','ganthonsen8t',56,0),(319,'Pearsall','Fifine','fpearsall8u',88,1),(320,'Gwyther','Kassandra','kgwyther8v',92,0),(321,'Busse','Ailyn','abusse8w',89,1),(322,'Kleisel','Norene','nkleisel8x',39,0),(323,'Crumpton','Nye','ncrumpton8y',82,1),(324,'Mauger','Justina','jmauger8z',35,0),(325,'Freddi','Teresina','tfreddi90',82,0),(326,'Collister','Sol','scollister91',71,0),(327,'Dake','Jackie','jdake92',33,0),(328,'Newsome','Quill','qnewsome93',67,0),(329,'Heers','Germain','gheers94',35,0),(330,'Totton','Royce','rtotton95',66,1),(331,'Bascomb','Rosabelle','rbascomb96',99,1),(332,'Darville','Haskell','hdarville97',53,0),(333,'Earp','Ashli','aearp98',83,0),(334,'Sprigings','Nelia','nsprigings99',56,0),(335,'Kauffman','Cobb','ckauffman9a',90,1),(336,'Chadbourn','Javier','jchadbourn9b',41,1),(337,'Guinery','Ardys','aguinery9c',93,1),(338,'Widdowfield','Erie','ewiddowfield9d',49,0),(339,'Monckman','Derry','dmonckman9e',64,0),(340,'MacNamara','Madalyn','mmacnamara9f',1,1),(341,'Esterbrook','Chaim','cesterbrook9g',54,1),(342,'Bullen','Birdie','bbullen9h',59,0),(343,'Whittingham','Maximilian','mwhittingham9i',39,1),(344,'Bilney','Coreen','cbilney9j',52,1),(345,'Kinchin','Adlai','akinchin9k',18,0),(346,'Landsborough','Brigit','blandsborough9l',47,0),(347,'Fereday','Wenona','wfereday9m',38,1),(348,'Faulkner','Katya','kfaulkner9n',93,0),(349,'Bertwistle','Abagail','abertwistle9o',36,1),(350,'Phillps','Stella','sphillps9p',57,0),(351,'Barwood','Zaccaria','zbarwood9q',2,1),(352,'Fishbourne','Carolan','cfishbourne9r',74,0),(353,'Vondrach','Nonah','nvondrach9s',6,0),(354,'Billiard','Sonni','sbilliard9t',52,1),(355,'Ceschi','Teodora','tceschi9u',89,0),(356,'Passfield','Heinrick','hpassfield9v',6,1),(357,'Jeannard','Harper','hjeannard9w',41,1),(358,'Kohnen','Brandy','bkohnen9x',35,0),(359,'Orrill','Clarance','corrill9y',7,1),(360,'Marien','Dot','dmarien9z',36,0),(361,'Schimmang','Emlynn','eschimmanga0',20,0),(362,'Adamides','Yvon','yadamidesa1',96,1),(363,'Dunlop','Christophorus','cdunlopa2',6,1),(364,'Whaymand','Wolfy','wwhaymanda3',39,1),(365,'Linnit','Levi','llinnita4',11,0),(366,'Wallworth','Trixy','twallwortha5',7,0),(367,'Spoerl','Jarrid','jspoerla6',27,1),(368,'Musicka','Ted','tmusickaa7',84,1),(369,'Holworth','Sharon','sholwortha8',1,1),(370,'Whates','Hoebart','hwhatesa9',53,0),(371,'Harty','Zonnya','zhartyaa',7,1),(372,'O\'Regan','Elfie','eoreganab',13,1),(373,'Chsteney','Frasco','fchsteneyac',35,0),(374,'Romayn','Iona','iromaynad',49,0),(375,'Redford','Odell','oredfordae',91,1),(376,'Ianinotti','Annadiane','aianinottiaf',51,1),(377,'Cleland','Gustavus','gclelandag',46,0),(378,'Danet','Jerri','jdanetah',82,1),(379,'Gocher','Merrily','mgocherai',97,0),(380,'Keniwell','Teodoor','tkeniwellaj',5,1),(381,'Richford','Shandee','srichfordak',34,0),(382,'Corps','Godwin','gcorpsal',21,1),(383,'Kenen','Percy','pkenenam',19,1),(384,'Embury','Evyn','eemburyan',38,1),(385,'Catherick','Atlanta','acatherickao',81,0),(386,'Ducket','Boone','bducketap',26,0),(387,'Larroway','Wren','wlarrowayaq',67,1),(388,'Hounsom','Constance','chounsomar',24,1),(389,'Cline','Annemarie','aclineas',38,1),(390,'Vallery','Patrick','pvalleryat',38,1),(391,'Baigrie','Tomlin','tbaigrieau',59,0),(392,'Alessandone','Roman','ralessandoneav',7,1),(393,'Osgorby','Mendie','mosgorbyaw',31,0),(394,'Styles','Sigmund','sstylesax',64,1),(395,'Faithfull','Bayard','bfaithfullay',84,0),(396,'Patria','Hermine','hpatriaaz',16,0),(397,'Windebank','Jerry','jwindebankb0',7,1),(398,'Booler','Lari','lboolerb1',35,1),(399,'Fritter','Laina','lfritterb2',47,1),(400,'Burberow','Sheffield','sburberowb3',63,0),(401,'Mauro','Belita','bmaurob4',80,0),(402,'Brager','Araldo','abragerb5',57,1),(403,'Newtown','Shermie','snewtownb6',57,1),(404,'Towsie','Gordie','gtowsieb7',20,1),(405,'Aizlewood','Nikoletta','naizlewoodb8',10,1),(406,'Clayworth','Olwen','oclayworthb9',11,1),(407,'Lattka','Ernestus','elattkaba',60,1),(408,'Bloodworthe','Dredi','dbloodworthebb',43,0),(409,'Dayce','Friedrich','fdaycebc',60,0),(410,'Chomicki','Berky','bchomickibd',54,1),(411,'Grinaway','Sarina','sgrinawaybe',49,0),(412,'Lacaze','Harley','hlacazebf',31,1),(413,'Covotto','Abner','acovottobg',18,0),(414,'Gooch','Willa','wgoochbh',34,1),(415,'Chaimson','Agatha','achaimsonbi',16,1),(416,'Zanitti','Les','lzanittibj',64,1),(417,'Wyd','Mitchell','mwydbk',60,1),(418,'McIlriach','Guss','gmcilriachbl',86,0),(419,'Playfoot','Maisie','mplayfootbm',94,0),(420,'Zanneli','Agosto','azannelibn',44,1),(421,'Schumacher','Larine','lschumacherbo',69,1),(422,'Gerardin','Zita','zgerardinbp',69,1),(423,'O\'Hanlon','Millard','mohanlonbq',6,0),(424,'Elger','Skipper','selgerbr',34,1),(425,'Camosso','Georgeanna','gcamossobs',25,0),(426,'Pavlenkov','Aloisia','apavlenkovbt',36,1),(427,'Lenahan','Donetta','dlenahanbu',33,0),(428,'Noad','Dorelia','dnoadbv',50,0),(429,'Spratley','Daryl','dspratleybw',78,1),(430,'Theyer','Cirilo','ctheyerbx',51,0),(431,'Chaloner','Marjy','mchalonerby',82,1),(432,'Ailward','Gabbie','gailwardbz',52,1),(433,'Mannie','Norene','nmanniec0',65,1),(434,'Mulrean','Corinne','cmulreanc1',43,0),(435,'Connelly','Nanete','nconnellyc2',19,0),(436,'Fairfoull','Sander','sfairfoullc3',9,0),(437,'Pettisall','Aloisia','apettisallc4',30,1),(438,'McKelvie','Charita','cmckelviec5',99,1),(439,'Spaule','Doro','dspaulec6',92,1),(440,'Cancellieri','Marcie','mcancellieric7',89,1),(441,'Blakiston','Kennie','kblakistonc8',62,1),(442,'Feaver','Martie','mfeaverc9',20,1),(443,'Font','Nanny','nfontca',97,0),(444,'Coyett','Filippo','fcoyettcb',56,0),(445,'Teare','Eran','etearecc',54,1),(446,'Goldsmith','Clementina','cgoldsmithcd',39,0),(447,'Katzmann','Marina','mkatzmannce',67,1),(448,'Saterweyte','Torrie','tsaterweytecf',45,1),(449,'Hakeworth','Griselda','ghakeworthcg',63,1),(450,'Hawkey','Leigh','lhawkeych',62,1),(451,'Jenkins','Birdie','bjenkinsci',57,0),(452,'Targetter','Kris','ktargettercj',34,1),(453,'Baggs','Konstanze','kbaggsck',94,1),(454,'Sisley','Sean','ssisleycl',75,1),(455,'Siege','Berny','bsiegecm',58,0),(456,'Grange','Vaughn','vgrangecn',97,1),(457,'Ollerearnshaw','Heall','hollerearnshawco',61,0),(458,'Allot','Josselyn','jallotcp',29,1),(459,'Galiford','Chantal','cgalifordcq',97,1),(460,'Cappell','Cristy','ccappellcr',88,0),(461,'Jikovsky','Evvy','ejikovskycs',61,0),(462,'Hilhouse','Renell','rhilhousect',82,0),(463,'Albone','Korella','kalbonecu',18,1),(464,'Docket','Gaven','gdocketcv',44,1),(465,'Steart','Lara','lsteartcw',43,0),(466,'Goldspink','Laureen','lgoldspinkcx',79,0),(467,'McKerrow','Tremain','tmckerrowcy',24,0),(468,'Hemphill','Ingamar','ihemphillcz',17,1),(469,'Sloyan','Stephanie','ssloyand0',89,0),(470,'Balharrie','Diane','dbalharried1',37,0),(471,'Guarin','Raul','rguarind2',55,0),(472,'Buddington','Teresa','tbuddingtond3',69,1),(473,'Henrie','Ingamar','ihenried4',45,1),(474,'Belvin','Aloysia','abelvind5',59,0),(475,'Moorman','Kimball','kmoormand6',61,1),(476,'Summons','Corabel','csummonsd7',46,0),(477,'Civitillo','Charmain','ccivitillod8',12,0),(478,'Aronstein','Mile','maronsteind9',4,0),(479,'Nevett','Addia','anevettda',32,1),(480,'Horlock','Marcel','mhorlockdb',28,1),(481,'Baughan','Lyon','lbaughandc',61,0),(482,'Cato','Moreen','mcatodd',46,0),(483,'Barneveld','Rollin','rbarneveldde',53,1),(484,'Renals','Trish','trenalsdf',8,1),(485,'Timberlake','Daune','dtimberlakedg',55,0),(486,'Roscam','Gare','groscamdh',28,0),(487,'Fretson','Leonanie','lfretsondi',99,1),(488,'Petigrew','Tessie','tpetigrewdj',41,0),(489,'Rotham','Karlen','krothamdk',9,0),(490,'Willarton','Dalton','dwillartondl',100,0),(491,'Perren','Elka','eperrendm',43,0),(492,'Winton','Nanine','nwintondn',6,1),(493,'Silberschatz','Ailee','asilberschatzdo',44,1),(494,'Bread','Cointon','cbreaddp',98,0),(495,'Bertin','Maxwell','mbertindq',43,0),(496,'Guiver','Tansy','tguiverdr',82,0),(497,'O\'Lunny','Deb','dolunnyds',90,0),(498,'Ewence','Dane','dewencedt',28,1),(499,'Burnett','Leesa','lburnettdu',31,1),(500,'Godfrey','Fulvia','fgodfreydv',24,1),(501,'Girke','Clair','cgirkedw',72,1),(502,'Beminster','Lulu','lbeminsterdx',97,1),(503,'Sturdy','Lauralee','lsturdydy',89,0),(504,'Dollard','Dori','ddollarddz',7,1),(505,'Sausman','Elora','esausmane0',39,0),(506,'Metham','Kippy','kmethame1',30,0),(507,'Maldin','Jaquelyn','jmaldine2',32,0),(508,'Rivenzon','Gale','grivenzone3',57,1),(509,'Ikins','Douglass','dikinse4',68,1),(510,'Serridge','Zelda','zserridgee5',62,0),(511,'Shimuk','Witty','wshimuke6',16,0),(512,'Shorter','Abbott','ashortere7',83,1),(513,'Fesby','Catlaina','cfesbye8',30,0),(514,'Longworthy','Merwin','mlongworthye9',7,1),(515,'Claricoates','Jeri','jclaricoatesea',88,1),(516,'Bonson','Mickie','mbonsoneb',59,0),(517,'Tomaszek','Lek','ltomaszekec',83,0),(518,'Shear','Jake','jsheared',8,1),(519,'Cohrs','Alvinia','acohrsee',57,1),(520,'Flegg','Reggis','rfleggef',56,0),(521,'Daysh','Caspar','cdaysheg',95,0),(522,'Bilton','Vinnie','vbiltoneh',30,1),(523,'Doherty','Hartwell','hdohertyei',4,0),(524,'Athersmith','Adora','aathersmithej',23,1),(525,'Van Driel','Percival','pvandrielek',4,0),(526,'McPhee','Demetria','dmcpheeel',84,1),(527,'Ector','Crystie','cectorem',51,1),(528,'Heinlein','Hedda','hheinleinen',59,1),(529,'Whife','Jillayne','jwhifeeo',73,1),(530,'Tierney','Graehme','gtierneyep',4,0),(531,'Mawne','Nap','nmawneeq',7,0),(532,'Hallam','Elliott','ehallamer',30,1),(533,'Garret','Killie','kgarretes',87,1),(534,'Mardlin','Jonathon','jmardlinet',41,0),(535,'Steptoe','Brice','bsteptoeeu',26,1),(536,'Probets','Nancee','nprobetsev',30,1),(537,'Switland','Chance','cswitlandew',48,1),(538,'Senten','Christyna','csentenex',11,0),(539,'Peracco','Osbourne','operaccoey',12,0),(540,'Aughton','Nikos','naughtonez',11,0),(541,'Alldis','Brad','balldisf0',20,1),(542,'Pickerin','Pammy','ppickerinf1',53,1),(543,'Diviney','Erin','edivineyf2',53,0),(544,'Denington','Natalee','ndeningtonf3',76,0),(545,'Dowgill','Arne','adowgillf4',76,0),(546,'Loffill','Padraic','ploffillf5',46,0),(547,'Menchenton','Ange','amenchentonf6',17,0),(548,'Dimnage','Karlik','kdimnagef7',96,1),(549,'Eneas','Ynes','yeneasf8',34,0),(550,'Markwelley','Marleah','mmarkwelleyf9',28,0),(551,'Leighfield','Garik','gleighfieldfa',29,1),(552,'Dellenbroker','Miof mela','mdellenbrokerfb',18,0),(553,'Gilliland','Christy','cgillilandfc',30,0),(554,'Ofield','Austin','aofieldfd',37,1),(555,'Lampet','Anastasia','alampetfe',52,0),(556,'Whiterod','Ogden','owhiterodff',7,0),(557,'Goulbourne','Jeremiah','jgoulbournefg',12,0),(558,'Willcot','Franni','fwillcotfh',74,0),(559,'Brech','Tirrell','tbrechfi',87,1),(560,'McShirie','Concettina','cmcshiriefj',21,0),(561,'Scandroot','Lynette','lscandrootfk',54,1),(562,'Bramble','Clifford','cbramblefl',42,1),(563,'Hall','Glory','ghallfm',99,0),(564,'Mc Comb','Shamus','smccombfn',71,0),(565,'Beadles','Ced','cbeadlesfo',78,1),(566,'Giorgi','Lida','lgiorgifp',85,0),(567,'Dearnaley','Burnaby','bdearnaleyfq',50,0),(568,'Turtle','Chet','cturtlefr',68,0),(569,'Bartkowiak','Noland','nbartkowiakfs',48,0),(570,'Basterfield','Maritsa','mbasterfieldft',3,1),(571,'McIvor','Charmion','cmcivorfu',45,1),(572,'Alliband','Ambrosius','aallibandfv',38,0),(573,'Tullett','Di','dtullettfw',8,0),(574,'Yoseloff','Cristina','cyoselofffx',77,0),(575,'Allmann','Errick','eallmannfy',39,1),(576,'Brazur','Mic','mbrazurfz',11,1),(577,'Mil','Dilly','dmilg0',3,0),(578,'Ewbanke','Kriste','kewbankeg1',56,0),(579,'Camamile','Culley','ccamamileg2',100,1),(580,'Ferraraccio','Jeddy','jferraracciog3',89,1),(581,'Fettis','Marlo','mfettisg4',83,0),(582,'Brewster','Noella','nbrewsterg5',82,0),(583,'Fairbanks','Buiron','bfairbanksg6',38,1),(584,'MacRannell','Rozalin','rmacrannellg7',12,0),(585,'Petrussi','Liane','lpetrussig8',8,0),(586,'McGann','Vidovic','vmcganng9',23,0),(587,'Maasze','Kirsteni','kmaaszega',83,1),(588,'Kleiner','Vevay','vkleinergb',91,1),(589,'Oganian','Shepperd','soganiangc',15,0),(590,'Vowels','Tynan','tvowelsgd',24,0),(591,'Kornilov','Ulric','ukornilovge',92,0),(592,'Hutson','Mellisa','mhutsongf',66,0),(593,'O\'Lunney','Chryste','colunneygg',70,1),(594,'Langmuir','Cristina','clangmuirgh',2,0),(595,'McKern','Katalin','kmckerngi',61,0),(596,'Gerardin','Brit','bgerardingj',41,1),(597,'Obbard','Antony','aobbardgk',89,0),(598,'Gery','Tony','tgerygl',94,0),(599,'Oldaker','Khalil','koldakergm',49,0),(600,'Bonifacio','Harriott','hbonifaciogn',68,0),(601,'Hoffman','Maggy','mhoffmango',23,0),(602,'Meadmore','Bastian','bmeadmoregp',55,0),(603,'Risbie','Charita','crisbiegq',48,1),(604,'Sellor','Brandi','bsellorgr',43,1),(605,'McClenaghan','Jay','jmcclenaghangs',72,1),(606,'Andries','Hailey','handriesgt',67,0),(607,'Bucham','Chandra','cbuchamgu',89,1),(608,'Budnik','Chloe','cbudnikgv',12,0),(609,'Fassum','Rudy','rfassumgw',40,1),(610,'Broadberrie','Nannette','nbroadberriegx',4,1),(611,'O\'Doherty','Erie','eodohertygy',33,1),(612,'Manicomb','Wilhelm','wmanicombgz',8,1),(613,'Cushion','Wade','wcushionh0',17,0),(614,'Woodruffe','Hana','hwoodruffeh1',20,0),(615,'Harflete','Lorry','lharfleteh2',39,1),(616,'Kaspar','Norby','nkasparh3',39,0),(617,'Chell','Karina','kchellh4',9,1),(618,'Straniero','Bambi','bstranieroh5',47,1),(619,'Tappor','Blancha','btapporh6',95,0),(620,'Oliveti','Giustina','golivetih7',94,0),(621,'Spencers','Lina','lspencersh8',88,0),(622,'Issard','Kassia','kissardh9',47,0),(623,'McGloin','Flint','fmcgloinha',83,1),(624,'Scimonelli','Gabriel','gscimonellihb',93,0),(625,'Lothlorien','Lettie','llothlorienhc',26,1),(626,'Ruppelin','Gail','gruppelinhd',19,1),(627,'Correa','Geneva','gcorreahe',90,0),(628,'Brookshaw','Anthe','abrookshawhf',66,1),(629,'Triggs','Zorine','ztriggshg',55,1),(630,'Keniwell','Benny','bkeniwellhh',15,0),(631,'Mityashev','Bernice','bmityashevhi',70,0),(632,'Deller','Kacy','kdellerhj',83,1),(633,'Grimsdell','Rubetta','rgrimsdellhk',74,0),(634,'Turfin','Kiersten','kturfinhl',11,0),(635,'Espino','Auria','aespinohm',15,1),(636,'Petrasch','Penelope','ppetraschhn',22,1),(637,'Gaynor','Phoebe','pgaynorho',7,1),(638,'Fellon','Abbott','afellonhp',57,1),(639,'Gott','Lea','lgotthq',51,1),(640,'Glanert','Uriel','uglanerthr',13,0),(641,'Echalier','Gray','gechalierhs',20,1),(642,'Bounde','Emlynne','eboundeht',12,1),(643,'Caddens','Edwina','ecaddenshu',33,0),(644,'Tregunna','Monro','mtregunnahv',48,0),(645,'Welton','Winnah','wweltonhw',3,1),(646,'Androli','Florance','fandrolihx',73,0),(647,'McCutheon','Marigold','mmccutheonhy',9,0),(648,'Duckels','Willyt','wduckelshz',6,0),(649,'Conaboy','Georgeanna','gconaboyi0',79,0),(650,'Fargie','Rodolphe','rfargiei1',6,1),(651,'Blas','Iain','iblasi2',7,0),(652,'Myrtle','Carolus','cmyrtlei3',26,0),(653,'Featley','Kanya','kfeatleyi4',95,0),(654,'Davenhill','Bird','bdavenhilli5',25,0),(655,'Yanshinov','Agna','ayanshinovi6',57,1),(656,'Wint','Pacorro','pwinti7',67,0),(657,'Seldon','Hedvig','hseldoni8',17,1),(658,'Attree','Karilynn','kattreei9',34,1),(659,'Strafen','Leese','lstrafenia',71,0),(660,'Hehnke','Elizabeth','ehehnkeib',51,0),(661,'Chalcroft','Waverly','wchalcroftic',26,0),(662,'Rogger','Meredith','mroggerid',64,0),(663,'Margerrison','Travus','tmargerrisonie',6,0),(664,'Mitroshinov','Kin','kmitroshinovif',7,1),(665,'Quarry','Raine','rquarryig',63,1),(666,'Dudney','Tony','tdudneyih',77,1),(667,'Ransom','Nelson','nransomii',66,1),(668,'Dikles','Conn','cdiklesij',90,0),(669,'Koene','Bethanne','bkoeneik',90,1),(670,'Hawk','Val','vhawkil',9,0),(671,'Hallifax','Betsey','bhallifaxim',96,0),(672,'Fairrie','Zarah','zfairriein',47,1),(673,'Wakeling','Merill','mwakelingio',50,1),(674,'Tindall','Betteanne','btindallip',67,0),(675,'Tamsett','Sarene','stamsettiq',16,0),(676,'Fulker','Byran','bfulkerir',65,1),(677,'Ionesco','Elianore','eionescois',75,1),(678,'Mewhirter','Quill','qmewhirterit',21,1),(679,'Frankton','Ignaz','ifranktoniu',37,0),(680,'McGiffin','Vania','vmcgiffiniv',13,0),(681,'Goulborn','Cally','cgoulborniw',26,0),(682,'Bedford','Thornie','tbedfordix',90,1),(683,'Finlator','Ambrosi','afinlatoriy',85,0),(684,'Glossup','Cletis','cglossupiz',28,1),(685,'Skarman','Jamey','jskarmanj0',48,1),(686,'Sloane','Jase','jsloanej1',74,0),(687,'Kemetz','Ebenezer','ekemetzj2',72,0),(688,'Pine','Jess','jpinej3',73,0),(689,'Ducker','Bernadina','bduckerj4',44,0),(690,'Ardling','Alethea','aardlingj5',78,0),(691,'Boddymead','Germayne','gboddymeadj6',83,0),(692,'Northidge','Maryjo','mnorthidgej7',61,0),(693,'Grafom','Pippo','pgrafomj8',18,1),(694,'Schrei','Mellisent','mschreij9',33,1),(695,'Redler','Herc','hredlerja',96,1),(696,'Elvy','Xerxes','xelvyjb',37,1),(697,'Francie','Shantee','sfranciejc',30,1),(698,'Beckett','Hewet','hbeckettjd',93,0),(699,'Eilles','Lucio','leillesje',54,1),(700,'Weare','Simona','swearejf',43,1),(701,'Marnane','Charmine','cmarnanejg',9,0),(702,'Tuckwood','Tallie','ttuckwoodjh',73,0),(703,'Wissbey','Ottilie','owissbeyji',85,0),(704,'Hug','Suzann','shugjj',59,1),(705,'Annell','Lynelle','lannelljk',43,0),(706,'Kleinstein','Amos','akleinsteinjl',93,1),(707,'Secombe','Deonne','dsecombejm',88,1),(708,'Wetherill','Leonora','lwetherilljn',96,0),(709,'Donnell','Tome','tdonnelljo',63,1),(710,'Wohler','Gerald','gwohlerjp',58,0),(711,'Tidder','Nicolette','ntidderjq',67,1),(712,'Follan','Carolina','cfollanjr',91,0),(713,'Scothron','Dar','dscothronjs',34,1),(714,'Hedgeman','Grata','ghedgemanjt',27,0),(715,'Lebell','Darb','dlebellju',13,0),(716,'Acarson','Kirstyn','kacarsonjv',41,1),(717,'Senior','Bertie','bseniorjw',71,1),(718,'Greg','Susie','sgregjx',63,1),(719,'Moakes','Waylan','wmoakesjy',89,1),(720,'Benneton','Karie','kbennetonjz',4,1),(721,'Ibbetson','Joni','jibbetsonk0',51,1),(722,'Deane','Bernie','bdeanek1',73,1),(723,'Climpson','Auguste','aclimpsonk2',44,0),(724,'Dalliwatr','Ellyn','edalliwatrk3',15,1),(725,'Gerardet','Francklyn','fgerardetk4',63,0),(726,'Pryn','Windy','wprynk5',27,0),(727,'Eisikovitsh','Sancho','seisikovitshk6',34,1),(728,'Lemerle','Esmaria','elemerlek7',14,0),(729,'Heynen','Odetta','oheynenk8',22,0),(730,'Leverett','Jandy','jleverettk9',23,1),(731,'Hartshorne','Aube','ahartshorneka',47,0),(732,'Cappell','Harlan','hcappellkb',66,1),(733,'Arend','Trina','tarendkc',74,0),(734,'Dameisele','Aldridge','adameiselekd',77,1),(735,'Cordeix','Vinnie','vcordeixke',83,0),(736,'Broadhurst','Liva','lbroadhurstkf',72,1),(737,'Gullyes','Nikaniki','ngullyeskg',87,1),(738,'Guirardin','Toby','tguirardinkh',25,0),(739,'Zoellner','Danny','dzoellnerki',24,0),(740,'Grocott','Padget','pgrocottkj',84,1),(741,'Fakes','Adel','afakeskk',40,0),(742,'Zorzenoni','Abe','azorzenonikl',88,0),(743,'Claibourn','Dollie','dclaibournkm',31,0),(744,'Dahler','Fremont','fdahlerkn',5,0),(745,'Cressar','Brady','bcressarko',6,0),(746,'McElwee','Dom','dmcelweekp',61,0),(747,'Sankey','Storm','ssankeykq',90,1),(748,'Sprackling','Bryanty','bspracklingkr',15,0),(749,'Chesworth','Scarface','schesworthks',69,1),(750,'Cornforth','Micky','mcornforthkt',77,0),(751,'Seyfart','Jillane','jseyfartku',81,0),(752,'Whitehead','Meryl','mwhiteheadkv',7,0),(753,'Davioud','Bill','bdavioudkw',22,1),(754,'Trevascus','Terri','ttrevascuskx',6,1),(755,'Attril','Aliza','aattrilky',42,1),(756,'Pechard','Adelheid','apechardkz',70,1),(757,'Winton','Jordon','jwintonl0',82,1),(758,'Di Bernardo','Samantha','sdibernardol1',33,0),(759,'Denny','Mikkel','mdennyl2',12,0),(760,'Downing','Malorie','mdowningl3',65,0),(761,'Dufoure','Micky','mdufourel4',28,1),(762,'Itskovitz','Hilarius','hitskovitzl5',75,1),(763,'Rolling','Rutherford','rrollingl6',57,1),(764,'Fairbrass','Klarrisa','kfairbrassl7',70,0),(765,'Cregin','Glenna','gcreginl8',18,1),(766,'Muckersie','Lay','lmuckersiel9',60,0),(767,'Hackinge','Gibb','ghackingela',75,0),(768,'Jinda','Shauna','sjindalb',7,0),(769,'Iapico','Rosabelle','riapicolc',31,1),(770,'Jensen','Ayn','ajensenld',57,0),(771,'MacGrath','Lillis','lmacgrathle',86,1),(772,'Deniset','Iggie','idenisetlf',98,0),(773,'Gawn','Sigmund','sgawnlg',43,1),(774,'Brogini','Carson','cbroginilh',29,1),(775,'Castiglione','Carlin','ccastiglioneli',8,0),(776,'Attaway','Dulsea','dattawaylj',84,1),(777,'Pero','Adoree','aperolk',50,1),(778,'Issakov','Niall','nissakovll',83,1),(779,'Wigfall','Seamus','swigfalllm',97,1),(780,'Marshallsay','Scottie','smarshallsayln',100,0),(781,'Jovey','Eben','ejoveylo',95,0),(782,'Gildersleeve','Aubry','agildersleevelp',97,0),(783,'Clarke-Williams','Myrtia','mclarkewilliamslq',41,0),(784,'Laurenzi','Thurston','tlaurenzilr',58,0),(785,'Dome','Joanne','jdomels',93,0),(786,'Titmuss','Cecilio','ctitmusslt',64,1),(787,'Handrik','Madelle','mhandriklu',86,1),(788,'Gatlin','Maris','mgatlinlv',58,0),(789,'Bennough','Fonz','fbennoughlw',33,1),(790,'Bover','Marquita','mboverlx',87,0),(791,'Hursthouse','Gilles','ghursthousely',85,0),(792,'Rouse','Brander','brouselz',16,1),(793,'De Ortega','Jacky','jdeortegam0',62,0),(794,'Greenside','Kellen','kgreensidem1',45,1),(795,'Rowsell','Cort','crowsellm2',15,0),(796,'Wybern','Shepherd','swybernm3',31,1),(797,'Shear','Torrence','tshearm4',80,0),(798,'Allpress','Abner','aallpressm5',28,1),(799,'Delph','Tiphani','tdelphm6',75,0),(800,'Reef','Casandra','creefm7',8,1),(801,'Wilbor','Norina','nwilborm8',42,0),(802,'McLemon','Portia','pmclemonm9',96,1),(803,'O\'Hone','Lamont','lohonema',54,0),(804,'Jehan','Barbra','bjehanmb',99,0),(805,'Wardhaugh','Vasilis','vwardhaughmc',5,1),(806,'Boxill','Murdoch','mboxillmd',90,0),(807,'Coatman','Tamera','tcoatmanme',54,1),(808,'McGilbon','Veda','vmcgilbonmf',42,1),(809,'Savine','Camilla','csavinemg',92,1),(810,'Kira','Trisha','tkiramh',66,0),(811,'Hardiman','Daloris','dhardimanmi',71,1),(812,'Muff','Justin','jmuffmj',6,1),(813,'Jeves','Alard','ajevesmk',23,0),(814,'Ebanks','Neal','nebanksml',82,0),(815,'Booley','Preston','pbooleymm',40,0),(816,'Brownett','Lisabeth','lbrownettmn',8,1),(817,'Gally','Putnam','pgallymo',91,0),(818,'Foulger','Bentley','bfoulgermp',59,1),(819,'de Glanville','Elfie','edeglanvillemq',52,0),(820,'Bergeau','Garrot','gbergeaumr',89,0),(821,'Carwithim','Cherrita','ccarwithimms',75,0),(822,'Damant','Hartley','hdamantmt',93,0),(823,'Seak','Carmina','cseakmu',96,0),(824,'Bircher','Whittaker','wbirchermv',94,0),(825,'Leacock','Trip','tleacockmw',86,0),(826,'Southward','Tilda','tsouthwardmx',55,0),(827,'Gerrans','Marcela','mgerransmy',70,1),(828,'Overy','Yoshi','yoverymz',23,1),(829,'Coleridge','Carleen','ccoleridgen0',54,1),(830,'Stroband','Juliette','jstrobandn1',26,0),(831,'Bullin','Stefano','sbullinn2',11,1),(832,'Fassbindler','Honor','hfassbindlern3',35,0),(833,'Pyrah','Frederico','fpyrahn4',12,0),(834,'Kilmartin','Leela','lkilmartinn5',19,1),(835,'Warcop','Agace','awarcopn6',39,1),(836,'Eldritt','Shirlene','seldrittn7',40,1),(837,'Studdal','Perl','pstuddaln8',91,1),(838,'Zavittieri','Tomasine','tzavittierin9',71,0),(839,'Marvelley','Heather','hmarvelleyna',80,0),(840,'Branno','Samantha','sbrannonb',2,1),(841,'Gerred','Hal','hgerrednc',79,0),(842,'Haug','Donal','dhaugnd',41,0),(843,'Gladhill','Meagan','mgladhillne',76,1),(844,'Heinzler','Gan','gheinzlernf',66,1),(845,'Fiddyment','Orv','ofiddymentng',85,1),(846,'Gethings','Janine','jgethingsnh',62,0),(847,'Deverell','Julita','jdeverellni',23,1),(848,'Danter','Pembroke','pdanternj',1,1),(849,'Shewry','Dara','dshewrynk',17,1),(850,'Wraighte','Wilhelm','wwraightenl',77,1),(851,'Ruddy','Emery','eruddynm',39,0),(852,'Elstob','Minnie','melstobnn',17,0),(853,'Overy','Evvie','eoveryno',88,0),(854,'Frail','Charmane','cfrailnp',61,1),(855,'Schafer','Gaylord','gschafernq',29,1),(856,'Colwell','Gal','gcolwellnr',91,1),(857,'Breston','Clim','cbrestonns',14,1),(858,'Darbishire','Darnall','ddarbishirent',21,1),(859,'Mercik','Elbert','emerciknu',29,0),(860,'Vedenichev','Brannon','bvedenichevnv',9,1),(861,'Steers','Saul','ssteersnw',49,0),(862,'Irnis','Christan','cirnisnx',56,1),(863,'Haylock','Bird','bhaylockny',57,0),(864,'Espinas','Modesty','mespinasnz',5,0),(865,'Eversfield','Isis','ieversfieldo0',26,0),(866,'Sharpous','Candis','csharpouso1',7,1),(867,'Carruth','Fidel','fcarrutho2',55,0),(868,'Hartlebury','Queenie','qhartleburyo3',66,0),(869,'Liveley','Skipton','sliveleyo4',12,0),(870,'Antognozzii','Bess','bantognozziio5',54,0),(871,'Drexel','Willy','wdrexelo6',63,0),(872,'Nestle','Shayne','snestleo7',37,1),(873,'Godlonton','Barret','bgodlontono8',9,0),(874,'Hurdidge','Bamby','bhurdidgeo9',87,1),(875,'Geffe','Margo','mgeffeoa',59,1),(876,'Carrett','Abramo','acarrettob',86,0),(877,'Hingeley','Kacie','khingeleyoc',13,1),(878,'Scadding','Durant','dscaddingod',26,0),(879,'Ornelas','Isadore','iornelasoe',91,0),(880,'Cream','Frederick','fcreamof',59,1),(881,'Welbelove','Nanon','nwelbeloveog',88,0),(882,'Fairney','Griz','gfairneyoh',20,1),(883,'Mattingson','Timmy','tmattingsonoi',24,0),(884,'Eslinger','Beaufort','beslingeroj',62,1),(885,'Cattlow','Emmalee','ecattlowok',91,1),(886,'Bourchier','Doretta','dbourchierol',87,1),(887,'MacLise','Hoyt','hmacliseom',99,1),(888,'Gudger','Marget','mgudgeron',27,1),(889,'Ellingsworth','Marcel','mellingsworthoo',40,1),(890,'Trulock','Richmound','rtrulockop',23,1),(891,'Garvin','Clive','cgarvinoq',79,0),(892,'Wooddisse','Borg','bwooddisseor',68,0),(893,'Hawkeswood','Catie','chawkeswoodos',3,1),(894,'Tomlinson','Carma','ctomlinsonot',72,1),(895,'Treacher','Gabriella','gtreacherou',98,0),(896,'Manueau','Salim','smanueauov',22,0),(897,'Maffetti','Adrienne','amaffettiow',83,1),(898,'Pulver','Noemi','npulverox',5,0),(899,'Dibner','Garek','gdibneroy',48,1),(900,'Iglesia','George','giglesiaoz',71,0),(901,'Westwick','Orson','owestwickp0',90,0),(902,'Sabbins','Christiane','csabbinsp1',69,1),(903,'Gillebride','Shelton','sgillebridep2',10,1),(904,'Grevile','Der','dgrevilep3',81,1),(905,'Powis','Jenni','jpowisp4',71,0),(906,'Grissett','Ferdinand','fgrissettp5',81,0),(907,'Caulket','Noell','ncaulketp6',87,0),(908,'Page','Leanor','lpagep7',56,0),(909,'Orht','Fin','forhtp8',77,1),(910,'Tompkinson','Leon','ltompkinsonp9',47,0),(911,'Gilgryst','Karena','kgilgrystpa',46,1),(912,'Brigginshaw','Leia','lbrigginshawpb',93,1),(913,'Gomersall','Levy','lgomersallpc',30,0),(914,'Wigley','Yvette','ywigleypd',77,0),(915,'Klemenz','Myrwyn','mklemenzpe',95,1),(916,'Duncanson','Woodrow','wduncansonpf',63,1),(917,'Loins','Caleb','cloinspg',40,0),(918,'Tutchell','Giffie','gtutchellph',30,1),(919,'Deval','Wilfred','wdevalpi',84,1),(920,'Hares','Cthrine','charespj',45,1),(921,'Snook','Lavina','lsnookpk',5,0),(922,'Tafani','Brittne','btafanipl',74,1),(923,'Dornin','Dalt','ddorninpm',93,1),(924,'Mandeville','Dru','dmandevillepn',40,0),(925,'Fantonetti','Jillayne','jfantonettipo',13,1),(926,'Lafrentz','Louie','llafrentzpp',90,1),(927,'Stonuary','Barclay','bstonuarypq',45,1),(928,'Emmanueli','Darn','demmanuelipr',44,0),(929,'Jacombs','Gabbi','gjacombsps',24,0),(930,'Dryden','Bone','bdrydenpt',13,0),(931,'Santer','Gwenneth','gsanterpu',68,1),(932,'Colchett','Leland','lcolchettpv',53,0),(933,'Akhurst','Inglis','iakhurstpw',38,0),(934,'Werrilow','Coretta','cwerrilowpx',84,1),(935,'Hofner','Emmy','ehofnerpy',74,0),(936,'Gendrich','Berni','bgendrichpz',70,1),(937,'McSharry','Hollie','hmcsharryq0',43,0),(938,'Devo','Tallie','tdevoq1',29,1),(939,'Tonner','Min','mtonnerq2',69,1),(940,'Schruyer','Collete','cschruyerq3',42,1),(941,'Cake','Cornall','ccakeq4',91,1),(942,'Peschke','Dewitt','dpeschkeq5',67,1),(943,'Branscombe','Courtnay','cbranscombeq6',94,0),(944,'Curwood','Abbe','acurwoodq7',54,0),(945,'Santer','Adah','asanterq8',19,1),(946,'Rosle','Madison','mrosleq9',87,1),(947,'Temperton','Gertrud','gtempertonqa',51,1),(948,'Winram','Cully','cwinramqb',69,1),(949,'Marsie','Henrieta','hmarsieqc',85,1),(950,'Norway','Malva','mnorwayqd',5,1),(951,'Blunden','Maddy','mblundenqe',86,1),(952,'Eyer','Annice','aeyerqf',20,0),(953,'Hellicar','Gardy','ghellicarqg',27,0),(954,'McDonough','Tamqrah','tmcdonoughqh',70,1),(955,'Napolitano','Davis','dnapolitanoqi',27,0),(956,'McRill','Chelsy','cmcrillqj',6,0),(957,'Bloxsom','Abelard','abloxsomqk',45,0),(958,'Gaymar','Sharyl','sgaymarql',20,0),(959,'Blanchette','Giuditta','gblanchetteqm',91,0),(960,'Frodsham','Beitris','bfrodshamqn',3,0),(961,'Shergold','Stefano','sshergoldqo',20,1),(962,'Skeldinge','Faustina','fskeldingeqp',3,0),(963,'Awmack','Shelia','sawmackqq',58,0),(964,'Brazier','Alaine','abrazierqr',18,1),(965,'Brandin','Sophia','sbrandinqs',42,0),(966,'Ganley','Joye','jganleyqt',76,0),(967,'Fowles','Ewart','efowlesqu',69,0),(968,'Mattia','Lynelle','lmattiaqv',58,1),(969,'Penburton','Melody','mpenburtonqw',55,0),(970,'Shemmin','Heywood','hshemminqx',65,0),(971,'Gosson','Lib','lgossonqy',16,0),(972,'Colcutt','Kelcey','kcolcuttqz',62,0),(973,'Vila','Emelda','evilar0',98,0),(974,'Latore','Trish','tlatorer1',95,0),(975,'Pinson','Tarah','tpinsonr2',85,0),(976,'Maryman','Kelli','kmarymanr3',23,1),(977,'Zannolli','Emyle','ezannollir4',62,1),(978,'McKnish','Gregoor','gmcknishr5',11,1),(979,'Giorgioni','Millicent','mgiorgionir6',37,1),(980,'Gamett','Petr','pgamettr7',59,1),(981,'Matley','Kenyon','kmatleyr8',84,1),(982,'Rintoul','Fallon','frintoulr9',53,0),(983,'Shuker','Melinde','mshukerra',42,1),(984,'Spindler','Ricoriki','rspindlerrb',48,0),(985,'Gilhool','Audrye','agilhoolrc',9,0),(986,'Tomczynski','Orran','otomczynskird',92,1),(987,'Gronaller','Kylen','kgronallerre',43,1),(988,'Cruddace','Hernando','hcruddacerf',67,1),(989,'Egginson','Philly','pegginsonrg',51,0),(990,'Giacomuzzi','Alden','agiacomuzzirh',100,0),(991,'Biggs','Sarene','sbiggsri',14,0),(992,'Abramow','Red','rabramowrj',38,0),(993,'Milborn','Edgard','emilbornrk',78,1),(994,'Bozworth','Adelina','abozworthrl',42,0),(995,'Cranston','Katrinka','kcranstonrm',25,0),(996,'Malpas','Farand','fmalpasrn',69,0),(997,'Gribble','Clovis','cgribblero',31,1),(998,'Munks','Ambros','amunksrp',78,1),(999,'Hamshere','Alexandrina','ahamshererq',24,0),(1000,'Niblock','Rowe','rniblockrr',76,0);
/*!40000 ALTER TABLE `resource` ENABLE KEYS */;
UNLOCK TABLES;

--
-- Table structure for table `skills`
--

DROP TABLE IF EXISTS `skills`;
/*!40101 SET @saved_cs_client     = @@character_set_client */;
/*!40101 SET character_set_client = utf8 */;
CREATE TABLE `skills` (
  `id` int(11) NOT NULL AUTO_INCREMENT,
  `name` varchar(255) DEFAULT NULL,
  PRIMARY KEY (`id`)
) ENGINE=InnoDB AUTO_INCREMENT=6 DEFAULT CHARSET=latin1;
/*!40101 SET character_set_client = @saved_cs_client */;

--
-- Dumping data for table `skills`
--

LOCK TABLES `skills` WRITE;
/*!40000 ALTER TABLE `skills` DISABLE KEYS */;
INSERT INTO `skills` VALUES (1,'JavaScript'),(2,'PHP'),(3,'SQL'),(4,'Dojo'),(5,'Vue.js');
/*!40000 ALTER TABLE `skills` ENABLE KEYS */;
UNLOCK TABLES;
/*!40103 SET TIME_ZONE=@OLD_TIME_ZONE */;

/*!40101 SET SQL_MODE=@OLD_SQL_MODE */;
/*!40014 SET FOREIGN_KEY_CHECKS=@OLD_FOREIGN_KEY_CHECKS */;
/*!40014 SET UNIQUE_CHECKS=@OLD_UNIQUE_CHECKS */;
/*!40101 SET CHARACTER_SET_CLIENT=@OLD_CHARACTER_SET_CLIENT */;
/*!40101 SET CHARACTER_SET_RESULTS=@OLD_CHARACTER_SET_RESULTS */;
/*!40101 SET COLLATION_CONNECTION=@OLD_COLLATION_CONNECTION */;
/*!40111 SET SQL_NOTES=@OLD_SQL_NOTES */;

-- Dump completed on 2017-11-09 12:32:26
